id;assessment_date;last_modified;last_modified_by
1;2022-01-31T21:09:24;2022-02-01T02:11:15;deposit convergence Pike
2;2022-01-31T14:18:28;2022-02-01T04:05:09;Granite Shoal Botswana
3;2022-01-31T11:48:57;2022-02-01T08:19:28;Awesome quantifying Health
4;2022-01-31T20:05:53;2022-02-01T05:30:56;enable Music
5;2022-01-31T21:14:48;2022-01-31T10:53:32;applications methodologies Islands
6;2022-01-31T16:41:29;2022-01-31T19:11:15;object-oriented
7;2022-02-01T01:23:02;2022-02-01T00:22:52;compress
8;2022-01-31T09:34:05;2022-01-31T23:45:42;copying
9;2022-02-01T04:43:19;2022-01-31T22:14:10;Specialist experiences
10;2022-01-31T20:28:14;2022-01-31T17:27:37;Car
