id;answer;last_modified;last_modified_by
1;connect copying;2022-01-31T11:32:27;port Cotton Handcrafted
2;blue Loan complexity;2022-02-01T05:04:01;copy clicks-and-mortar
3;Tools capability tolerance;2022-01-31T13:12:37;Buckinghamshire Plastic
4;teal;2022-02-01T04:57:16;Handcrafted compress
5;Rial Assistant;2022-01-31T14:35:01;Car Metal
6;withdrawal;2022-02-01T02:29:33;Station
7;revolutionize transmitting redefine;2022-01-31T14:26:25;models overriding
8;International Computer AI;2022-01-31T20:02:28;invoice
9;Shoes front-end;2022-02-01T00:32:29;transitional
10;Planner Investor;2022-01-31T17:12:45;connect
